root,source,direct_files,recursive_files,direct_bytes,proposed,status,reason
Garçons (Gelbooru),all_fours,2,2,383770,Sexual themes/Penetration/all_fours,move,pratique sexuelle classée dans Penetration
Garçons (Gelbooru),anal_beads,28,28,6729362,Sexual themes/Penetration/anal_beads,move,pratique sexuelle classée dans Penetration
Garçons (Gelbooru),anal_fingering,1,1,123594,Sexual themes/Penetration/anal_fingering,move,pratique sexuelle classée dans Penetration
Garçons (Gelbooru),anal_fisting,3,3,740044,Sexual themes/Penetration/anal_fisting,move,pratique sexuelle classée dans Penetration
Garçons (Gelbooru),anal_object_insertion,57,57,15283239,Sexual themes/Penetration/anal_object_insertion,move,pratique sexuelle classée dans Penetration
Garçons (Gelbooru),anal_tail,1,1,84940,Sexual themes/Penetration/anal_tail,move,pratique sexuelle classée dans Penetration
Garçons (Gelbooru),androgynous,17,17,2822781,androgynous,keep,reste à la racine comme dans la galerie Tags
Garçons (Gelbooru),Animal ears,0,46,0,Animal ears,keep,déjà sous une famille structurée
Garçons (Gelbooru),Animal ears/animal_ears,22,22,6762684,Animal ears/animal_ears,keep,déjà sous une famille structurée
Garçons (Gelbooru),Animal ears/animal_ears cat_ears,5,5,708587,Animal ears/animal_ears cat_ears,keep,déjà sous une famille structurée
Garçons (Gelbooru),Animal ears/animal_ears dog_ears,4,4,998284,Animal ears/animal_ears dog_ears,keep,déjà sous une famille structurée
Garçons (Gelbooru),Animal ears/animal_ears fake_animal_ears,5,5,1099419,Animal ears/animal_ears fake_animal_ears,keep,déjà sous une famille structurée
Garçons (Gelbooru),Animal ears/animal_ears rabbit_ears,1,1,268106,Animal ears/animal_ears rabbit_ears,keep,déjà sous une famille structurée
Garçons (Gelbooru),Animal ears/animal_ears rabbit_ears fake_animal_ears,3,3,267348,Animal ears/animal_ears rabbit_ears fake_animal_ears,keep,déjà sous une famille structurée
Garçons (Gelbooru),Animal ears/animal_ears wolf_ears,1,1,344194,Animal ears/animal_ears wolf_ears,keep,déjà sous une famille structurée
Garçons (Gelbooru),Animal ears/fake_animal_ears,5,5,1420110,Animal ears/fake_animal_ears,keep,déjà sous une famille structurée
Garçons (Gelbooru),barbarian,1,1,311696,barbarian,review,aucune correspondance sûre dans les familles actuelles
Garçons (Gelbooru),baseball_cap,2,2,324357,baseball_cap,review,aucune correspondance sûre dans les familles actuelles
Garçons (Gelbooru),bdsm,11,33,2169728,Sexual themes/Bdsm/bdsm,move,pratique sexuelle classée dans Bdsm
Garçons (Gelbooru),bdsm bound,1,1,289835,Sexual themes/Bdsm/bdsm bound,move,pratique sexuelle classée dans Bdsm
Garçons (Gelbooru),bdsm bound squatting,1,1,152882,Sexual themes/Bdsm/bdsm bound squatting,move,pratique sexuelle classée dans Bdsm
Garçons (Gelbooru),bdsm/bdsm,1,1,196757,Sexual themes/Bdsm/bdsm/bdsm,move,pratique sexuelle classée dans Bdsm
Garçons (Gelbooru),bdsm/bdsm ball_gag,1,1,149070,Sexual themes/Bdsm/bdsm/bdsm ball_gag,move,pratique sexuelle classée dans Bdsm
Garçons (Gelbooru),bdsm/bdsm ball_gag gagged chain cuffs handcuffs,1,1,82989,Sexual themes/Bdsm/bdsm/bdsm ball_gag gagged chain cuffs handcuffs,move,pratique sexuelle classée dans Bdsm
Garçons (Gelbooru),bdsm/bdsm blindfold,1,1,553047,Sexual themes/Bdsm/bdsm/bdsm blindfold,move,pratique sexuelle classée dans Bdsm
Garçons (Gelbooru),bdsm/bdsm chain,2,2,674580,Sexual themes/Bdsm/bdsm/bdsm chain,move,pratique sexuelle classée dans Bdsm
Garçons (Gelbooru),bdsm/bdsm chain cuffs,1,1,295740,Sexual themes/Bdsm/bdsm/bdsm chain cuffs,move,pratique sexuelle classée dans Bdsm
Garçons (Gelbooru),bdsm/bdsm gagged,1,1,313220,Sexual themes/Bdsm/bdsm/bdsm gagged,move,pratique sexuelle classée dans Bdsm
Garçons (Gelbooru),bdsm/bdsm gagged chain,1,1,272643,Sexual themes/Bdsm/bdsm/bdsm gagged chain,move,pratique sexuelle classée dans Bdsm
Garçons (Gelbooru),bdsm/bdsm gagged leash,1,1,109478,Sexual themes/Bdsm/bdsm/bdsm gagged leash,move,pratique sexuelle classée dans Bdsm
Garçons (Gelbooru),bdsm/bdsm leash,2,2,586391,Sexual themes/Bdsm/bdsm/bdsm leash,move,pratique sexuelle classée dans Bdsm
Garçons (Gelbooru),bdsm/bdsm leash chain,1,1,209836,Sexual themes/Bdsm/bdsm/bdsm leash chain,move,pratique sexuelle classée dans Bdsm
Garçons (Gelbooru),bdsm/bdsm rope,2,2,263193,Sexual themes/Bdsm/bdsm/bdsm rope,move,pratique sexuelle classée dans Bdsm
Garçons (Gelbooru),bdsm/bdsm rope shibari,2,2,521908,Sexual themes/Bdsm/bdsm/bdsm rope shibari,move,pratique sexuelle classée dans Bdsm
Garçons (Gelbooru),bdsm/bdsm rope shibari ball_gag gagged suspension,1,1,229606,Sexual themes/Bdsm/bdsm/bdsm rope shibari ball_gag gagged suspension,move,pratique sexuelle classée dans Bdsm
Garçons (Gelbooru),bdsm/bdsm rope shibari blindfold,1,1,347320,Sexual themes/Bdsm/bdsm/bdsm rope shibari blindfold,move,pratique sexuelle classée dans Bdsm
Garçons (Gelbooru),bdsm/bdsm shibari gagged blindfold,1,1,209361,Sexual themes/Bdsm/bdsm/bdsm shibari gagged blindfold,move,pratique sexuelle classée dans Bdsm
Garçons (Gelbooru),bdsm/bdsm tape_gag gagged,1,1,153779,Sexual themes/Bdsm/bdsm/bdsm tape_gag gagged,move,pratique sexuelle classée dans Bdsm
Garçons (Gelbooru),bdsm/bdsm tape_gag gagged leash,1,1,97820,Sexual themes/Bdsm/bdsm/bdsm tape_gag gagged leash,move,pratique sexuelle classée dans Bdsm
Garçons (Gelbooru),bestiality,10,10,1806427,bestiality,keep,reste à la racine comme dans la galerie Tags
Garçons (Gelbooru),body_writing,3,3,475017,Sexual themes/Bdsm/body_writing,move,pratique sexuelle classée dans Bdsm
Garçons (Gelbooru),bondage,1,1,102392,Sexual themes/Bdsm/bondage,move,pratique sexuelle classée dans Bdsm
Garçons (Gelbooru),bound,2,2,352973,Sexual themes/Bdsm/bound,move,pratique sexuelle classée dans Bdsm
Garçons (Gelbooru),bound restrained,1,1,132705,Sexual themes/Bdsm/bound restrained,move,pratique sexuelle classée dans Bdsm
Garçons (Gelbooru),butt_plug,6,6,1434308,Sexual themes/Penetration/butt_plug,move,pratique sexuelle classée dans Penetration
Garçons (Gelbooru),camera,2,2,278133,camera,review,aucune correspondance sûre dans les familles actuelles
Garçons (Gelbooru),centauroid,3,3,2022622,centauroid,review,aucune correspondance sûre dans les familles actuelles
Garçons (Gelbooru),chair,2,2,422968,chair,review,aucune correspondance sûre dans les familles actuelles
Garçons (Gelbooru),chastity_cage,66,66,31278468,Sexual themes/chastity_cage,move,parité directe avec la galerie Tags
Garçons (Gelbooru),computer,1,1,393238,computer,review,aucune correspondance sûre dans les familles actuelles
Garçons (Gelbooru),condom_belt,2,2,553386,Sexual themes/condom_belt,move,parité directe avec la galerie Tags
Garçons (Gelbooru),crossdressing,47,47,9672571,crossdressing,keep,reste à la racine comme dans la galerie Tags
Garçons (Gelbooru),cuffs,5,5,1156733,Sexual themes/Bdsm/cuffs,move,pratique sexuelle classée dans Bdsm
Garçons (Gelbooru),cum_in_mouth,9,9,3326909,Sexual themes/Oral/cum_in_mouth,move,pratique sexuelle classée dans Oral
Garçons (Gelbooru),cum_on_face,7,7,1965907,Sexual themes/Oral/cum_on_face,move,pratique sexuelle classée dans Oral
Garçons (Gelbooru),dancer,2,2,369703,dancer,review,aucune correspondance sûre dans les familles actuelles
Garçons (Gelbooru),dark-skinned_male,9,9,2425378,dark-skinned_male,review,aucune correspondance sûre dans les familles actuelles
Garçons (Gelbooru),defeated,6,6,1980133,Sexual themes/Non-consensual/defeated,move,pratique sexuelle classée dans Non-consensual
Garçons (Gelbooru),delinquent,7,7,1280719,delinquent,review,aucune correspondance sûre dans les familles actuelles
Garçons (Gelbooru),demon_boy,1,1,211540,demon_boy,review,aucune correspondance sûre dans les familles actuelles
Garçons (Gelbooru),doctor,2,2,235480,doctor,review,aucune correspondance sûre dans les familles actuelles
Garçons (Gelbooru),dress_lift,3,3,608765,dress_lift,review,aucune correspondance sûre dans les familles actuelles
Garçons (Gelbooru),elf,6,6,2074921,elf,review,aucune correspondance sûre dans les familles actuelles
Garçons (Gelbooru),embarrassed,23,23,7075521,embarrassed,review,aucune correspondance sûre dans les familles actuelles
Garçons (Gelbooru),erection_under_clothes,4,4,790692,Sexual themes/erection_under_clothes,move,parité directe avec la galerie Tags
Garçons (Gelbooru),fake_tail,4,4,532024,fake_tail,review,aucune correspondance sûre dans les familles actuelles
Garçons (Gelbooru),fellatio,56,56,16062923,Sexual themes/Oral/fellatio,move,pratique sexuelle classée dans Oral
Garçons (Gelbooru),fellatio forced,3,3,468354,Sexual themes/Non-consensual/fellatio forced,move,requête composite non consentie
Garçons (Gelbooru),fellatio rape,2,2,275376,Sexual themes/Non-consensual/fellatio rape,move,requête composite non consentie
Garçons (Gelbooru),femdom,12,12,3808819,Sexual themes/femdom,move,parité directe avec la galerie Tags
Garçons (Gelbooru),femdom futanari,22,22,4921918,Sexual themes/femdom futanari,move,parité directe avec la galerie Tags
Garçons (Gelbooru),flat_chastity_cage,8,8,1710789,Sexual themes/flat_chastity_cage,move,parité directe avec la galerie Tags
Garçons (Gelbooru),flat_chest glasses,1,1,259501,flat_chest glasses,review,aucune correspondance sûre dans les familles actuelles
Garçons (Gelbooru),forced,3,3,624519,Sexual themes/Non-consensual/forced,move,requête composite non consentie
Garçons (Gelbooru),freckles,1,1,340380,freckles,review,aucune correspondance sûre dans les familles actuelles
Garçons (Gelbooru),gang_rape,9,9,3244591,Sexual themes/Non-consensual/gang_rape,move,requête composite non consentie
Garçons (Gelbooru),ganguro,2,2,314936,ganguro,review,aucune correspondance sûre dans les familles actuelles
Garçons (Gelbooru),gaping,15,15,4105604,Sexual themes/Penetration/gaping,move,pratique sexuelle classée dans Penetration
Garçons (Gelbooru),glasses,21,21,8128252,glasses,review,aucune correspondance sûre dans les familles actuelles
Garçons (Gelbooru),glory_hole,1,1,362072,Sexual themes/Oral/glory_hole,move,pratique sexuelle classée dans Oral
Garçons (Gelbooru),gynomorph,7,7,1550824,gynomorph,keep,reste à la racine comme dans la galerie Tags
Garçons (Gelbooru),Hairstyles,0,19,0,Hairstyles,keep,déjà sous une famille structurée
Garçons (Gelbooru),Hairstyles/hair_bun,1,1,136205,Hairstyles/hair_bun,keep,déjà sous une famille structurée
Garçons (Gelbooru),Hairstyles/short_hair,12,12,2777673,Hairstyles/short_hair,keep,déjà sous une famille structurée
Garçons (Gelbooru),Hairstyles/two-tone_hair,5,5,878391,Hairstyles/two-tone_hair,keep,déjà sous une famille structurée
Garçons (Gelbooru),Hairstyles/wet_hair,1,1,157325,Hairstyles/wet_hair,keep,déjà sous une famille structurée
Garçons (Gelbooru),headphones,9,9,1822060,headphones,review,aucune correspondance sûre dans les familles actuelles
Garçons (Gelbooru),high_heels,21,21,3720217,high_heels,review,aucune correspondance sûre dans les familles actuelles
Garçons (Gelbooru),humiliation,7,7,2123007,Sexual themes/Bdsm/humiliation,move,pratique sexuelle classée dans Bdsm
Garçons (Gelbooru),imminent_rape,2,2,482575,Sexual themes/Non-consensual/imminent_rape,move,requête composite non consentie
Garçons (Gelbooru),instrument,1,1,205201,instrument,review,aucune correspondance sûre dans les familles actuelles
Garçons (Gelbooru),interracial & interspecies,58,58,14113853,interracial & interspecies,keep,reste à la racine comme dans la galerie Tags
Garçons (Gelbooru),knight,3,3,621613,knight,review,aucune correspondance sûre dans les familles actuelles
Garçons (Gelbooru),leash,4,4,780507,Sexual themes/Bdsm/leash,move,pratique sexuelle classée dans Bdsm
Garçons (Gelbooru),magical_girl,2,3,367559,magical_girl,review,aucune correspondance sûre dans les familles actuelles
Garçons (Gelbooru),magical_girl/sailor_uranus slaine_troyard,1,1,47525,magical_girl/sailor_uranus slaine_troyard,review,aucune correspondance sûre dans les familles actuelles
Garçons (Gelbooru),maid,43,43,12505523,maid,review,aucune correspondance sûre dans les familles actuelles
Garçons (Gelbooru),military_uniform,1,1,690221,military_uniform,review,aucune correspondance sûre dans les familles actuelles
Garçons (Gelbooru),molestation,1,1,135750,Sexual themes/Non-consensual/molestation,move,requête composite non consentie
Garçons (Gelbooru),netorare,1,1,407617,netorare,review,aucune correspondance sûre dans les familles actuelles
Garçons (Gelbooru),ninja,5,5,982890,ninja,review,aucune correspondance sûre dans les familles actuelles
Garçons (Gelbooru),nun,8,8,1369351,nun,review,aucune correspondance sûre dans les familles actuelles
Garçons (Gelbooru),nurse,1,1,162875,nurse,review,aucune correspondance sûre dans les familles actuelles
Garçons (Gelbooru),pegging,3,3,1918126,Sexual themes/Penetration/pegging,move,pratique sexuelle classée dans Penetration
Garçons (Gelbooru),penis_on_face,3,3,2213898,Sexual themes/Oral/penis_on_face,move,pratique sexuelle classée dans Oral
Garçons (Gelbooru),pet_play,1,1,249091,Sexual themes/Bdsm/pet_play,move,pratique sexuelle classée dans Bdsm
Garçons (Gelbooru),Piercings,0,33,0,Piercings,keep,déjà sous une famille structurée
Garçons (Gelbooru),Piercings/headphones piercing,1,1,599948,Piercings/headphones piercing,keep,déjà sous une famille structurée
Garçons (Gelbooru),Piercings/piercing,29,29,6751776,Piercings/piercing,keep,déjà sous une famille structurée
Garçons (Gelbooru),Piercings/piercing ear_piercing,1,1,370162,Piercings/piercing ear_piercing,keep,déjà sous une famille structurée
Garçons (Gelbooru),Piercings/piercing ear_piercing nipple_piercing navel_piercing,1,1,204862,Piercings/piercing ear_piercing nipple_piercing navel_piercing,keep,déjà sous une famille structurée
Garçons (Gelbooru),Piercings/piercing undressing,1,1,227982,Piercings/piercing undressing,keep,déjà sous une famille structurée
Garçons (Gelbooru),pole_dancing,1,1,32991,pole_dancing,review,aucune correspondance sûre dans les familles actuelles
Garçons (Gelbooru),police_uniform,6,6,1039827,police_uniform,review,aucune correspondance sûre dans les familles actuelles
Garçons (Gelbooru),pregnant,4,4,1089949,pregnant,keep,reste à la racine comme dans la galerie Tags
Garçons (Gelbooru),priest,1,1,327539,priest,review,aucune correspondance sûre dans les familles actuelles
Garçons (Gelbooru),prisoner,1,1,132786,prisoner,review,aucune correspondance sûre dans les familles actuelles
Garçons (Gelbooru),prostitution,1,1,136946,Professions/prostitution,move,parité directe avec la galerie Tags
Garçons (Gelbooru),public_use,1,1,166933,Sexual themes/Exposure and public/public_use,move,parité directe avec la galerie Tags
Garçons (Gelbooru),Races,0,2,0,Races,keep,déjà sous une famille structurée
Garçons (Gelbooru),Races/orc,1,1,141664,Races/orc,keep,déjà sous une famille structurée
Garçons (Gelbooru),Races/vampire,1,1,958783,Races/vampire,keep,déjà sous une famille structurée
Garçons (Gelbooru),rape,28,28,5060135,Sexual themes/Non-consensual/rape,move,requête composite non consentie
Garçons (Gelbooru),rape broken_rape_victim,1,1,597911,Sexual themes/Non-consensual/rape broken_rape_victim,move,requête composite non consentie
Garçons (Gelbooru),rape imminent_rape,2,2,1025110,Sexual themes/Non-consensual/rape imminent_rape,move,requête composite non consentie
Garçons (Gelbooru),rape restrained,4,4,1004577,Sexual themes/Non-consensual/rape restrained,move,requête composite non consentie
Garçons (Gelbooru),restrained,15,15,3355428,Sexual themes/Bdsm/restrained,move,pratique sexuelle classée dans Bdsm
Garçons (Gelbooru),sex_toy,6,6,1132930,Sexual themes/Sextoys/sex_toy,move,pratique sexuelle classée dans Sextoys
Garçons (Gelbooru),Sexual themes,0,53,0,Sexual themes,keep,déjà sous une famille structurée
Garçons (Gelbooru),Sexual themes/Sextoys,0,53,0,Sexual themes/Sextoys,keep,déjà sous une famille structurée
Garçons (Gelbooru),Sexual themes/Sextoys/Dildos,0,36,0,Sexual themes/Sextoys/Dildos,keep,déjà sous une famille structurée
Garçons (Gelbooru),Sexual themes/Sextoys/Dildos/dildo,35,35,7639946,Sexual themes/Sextoys/Dildos/dildo,keep,déjà sous une famille structurée
Garçons (Gelbooru),Sexual themes/Sextoys/Dildos/dildo_harness,1,1,300694,Sexual themes/Sextoys/Dildos/dildo_harness,keep,déjà sous une famille structurée
Garçons (Gelbooru),Sexual themes/Sextoys/Gags,0,8,0,Sexual themes/Sextoys/Gags,keep,déjà sous une famille structurée
Garçons (Gelbooru),Sexual themes/Sextoys/Gags/ball_gag,2,2,369699,Sexual themes/Sextoys/Gags/ball_gag,keep,déjà sous une famille structurée
Garçons (Gelbooru),Sexual themes/Sextoys/Gags/bit_gag,6,6,1194698,Sexual themes/Sextoys/Gags/bit_gag,keep,déjà sous une famille structurée
Garçons (Gelbooru),Sexual themes/Sextoys/sex_toy,1,1,104121,Sexual themes/Sextoys/sex_toy,keep,déjà sous une famille structurée
Garçons (Gelbooru),Sexual themes/Sextoys/Vibrators,0,8,0,Sexual themes/Sextoys/Vibrators,keep,déjà sous une famille structurée
Garçons (Gelbooru),Sexual themes/Sextoys/Vibrators/hitachi_magic_wand,3,3,672399,Sexual themes/Sextoys/Vibrators/hitachi_magic_wand,keep,déjà sous une famille structurée
Garçons (Gelbooru),Sexual themes/Sextoys/Vibrators/vibrator,3,3,1164938,Sexual themes/Sextoys/Vibrators/vibrator,keep,déjà sous une famille structurée
Garçons (Gelbooru),Sexual themes/Sextoys/Vibrators/vibrator_under_clothes,2,2,1628948,Sexual themes/Sextoys/Vibrators/vibrator_under_clothes,keep,déjà sous une famille structurée
Garçons (Gelbooru),shackles,2,2,295874,Sexual themes/Bdsm/shackles,move,pratique sexuelle classée dans Bdsm
Garçons (Gelbooru),shibari,4,4,848012,shibari,review,aucune correspondance sûre dans les familles actuelles
Garçons (Gelbooru),skateboard,7,7,4419721,skateboard,review,aucune correspondance sûre dans les familles actuelles
Garçons (Gelbooru),slave,3,3,568331,Sexual themes/Bdsm/slave,move,pratique sexuelle classée dans Bdsm
Garçons (Gelbooru),smartphone,4,4,974399,smartphone,review,aucune correspondance sûre dans les familles actuelles
Garçons (Gelbooru),smoking,3,3,521378,smoking,review,aucune correspondance sûre dans les familles actuelles
Garçons (Gelbooru),soldier,1,1,383289,soldier,review,aucune correspondance sûre dans les familles actuelles
Garçons (Gelbooru),spanking,1,1,286610,Sexual themes/Bdsm/spanking,move,pratique sexuelle classée dans Bdsm
Garçons (Gelbooru),squatting,4,4,455563,Sexual themes/Penetration/squatting,move,pratique sexuelle classée dans Penetration
Garçons (Gelbooru),stripper_pole,3,3,1302387,stripper_pole,review,aucune correspondance sûre dans les familles actuelles
Garçons (Gelbooru),Styles vestimentaires,0,93,0,Styles vestimentaires,keep,déjà sous une famille structurée
Garçons (Gelbooru),Styles vestimentaires/baseball_cap,1,1,331767,Styles vestimentaires/baseball_cap,keep,déjà sous une famille structurée
Garçons (Gelbooru),Styles vestimentaires/bodysuit,1,1,134685,Styles vestimentaires/bodysuit,keep,déjà sous une famille structurée
Garçons (Gelbooru),Styles vestimentaires/choker,3,3,632526,Styles vestimentaires/choker,keep,déjà sous une famille structurée
Garçons (Gelbooru),Styles vestimentaires/collar,16,16,5434653,Styles vestimentaires/collar,keep,déjà sous une famille structurée
Garçons (Gelbooru),Styles vestimentaires/collar choker,2,2,295477,Styles vestimentaires/collar choker,keep,déjà sous une famille structurée
Garçons (Gelbooru),Styles vestimentaires/goth_,4,4,1605565,Styles vestimentaires/goth_,keep,déjà sous une famille structurée
Garçons (Gelbooru),Styles vestimentaires/high_heels skin_tight,1,1,166818,Styles vestimentaires/high_heels skin_tight,keep,déjà sous une famille structurée
Garçons (Gelbooru),Styles vestimentaires/hooded_jacket,3,3,360761,Styles vestimentaires/hooded_jacket,keep,déjà sous une famille structurée
Garçons (Gelbooru),Styles vestimentaires/jewelry,1,1,444532,Styles vestimentaires/jewelry,keep,déjà sous une famille structurée
Garçons (Gelbooru),Styles vestimentaires/labcoat,3,3,524076,Styles vestimentaires/labcoat,keep,déjà sous une famille structurée
Garçons (Gelbooru),Styles vestimentaires/lingerie,3,3,376585,Styles vestimentaires/lingerie,keep,déjà sous une famille structurée
Garçons (Gelbooru),Styles vestimentaires/mask,6,6,878977,Styles vestimentaires/mask,keep,déjà sous une famille structurée
Garçons (Gelbooru),Styles vestimentaires/Panties,1,5,131510,Styles vestimentaires/Panties,keep,déjà sous une famille structurée
Garçons (Gelbooru),Styles vestimentaires/Panties/boxers,1,1,664047,Styles vestimentaires/Panties/boxers,keep,déjà sous une famille structurée
Garçons (Gelbooru),Styles vestimentaires/Panties/choker panties,1,1,244249,Styles vestimentaires/Panties/choker panties,keep,déjà sous une famille structurée
Garçons (Gelbooru),Styles vestimentaires/Panties/panties highleg_panties skirt,1,1,136021,Styles vestimentaires/Panties/panties highleg_panties skirt,keep,déjà sous une famille structurée
Garçons (Gelbooru),Styles vestimentaires/Panties/side-tie_panties,1,1,150779,Styles vestimentaires/Panties/side-tie_panties,keep,déjà sous une famille structurée
Garçons (Gelbooru),Styles vestimentaires/pants,8,8,1390907,Styles vestimentaires/pants,keep,déjà sous une famille structurée
Garçons (Gelbooru),Styles vestimentaires/pants black_pants,9,9,1552739,Styles vestimentaires/pants black_pants,keep,déjà sous une famille structurée
Garçons (Gelbooru),Styles vestimentaires/school_uniform,6,6,1023482,Styles vestimentaires/school_uniform,keep,déjà sous une famille structurée
Garçons (Gelbooru),Styles vestimentaires/shorts,2,4,344221,Styles vestimentaires/shorts,keep,déjà sous une famille structurée
Garçons (Gelbooru),Styles vestimentaires/shorts/shorts bike_shorts,1,1,58834,Styles vestimentaires/shorts/shorts bike_shorts,keep,déjà sous une famille structurée
Garçons (Gelbooru),Styles vestimentaires/shorts/shorts short_shorts,1,1,276734,Styles vestimentaires/shorts/shorts short_shorts,keep,déjà sous une famille structurée
Garçons (Gelbooru),Styles vestimentaires/skin_tight,1,1,218580,Styles vestimentaires/skin_tight,keep,déjà sous une famille structurée
Garçons (Gelbooru),Styles vestimentaires/Skirts,0,7,0,Styles vestimentaires/Skirts,keep,déjà sous une famille structurée
Garçons (Gelbooru),Styles vestimentaires/Skirts/choker skirt,1,1,756217,Styles vestimentaires/Skirts/choker skirt,keep,déjà sous une famille structurée
Garçons (Gelbooru),Styles vestimentaires/Skirts/microskirt,3,3,650436,Styles vestimentaires/Skirts/microskirt,keep,déjà sous une famille structurée
Garçons (Gelbooru),Styles vestimentaires/Skirts/skirt high-waist_skirt,1,1,77238,Styles vestimentaires/Skirts/skirt high-waist_skirt,keep,déjà sous une famille structurée
Garçons (Gelbooru),Styles vestimentaires/Skirts/skirt miniskirt,2,2,1271486,Styles vestimentaires/Skirts/skirt miniskirt,keep,déjà sous une famille structurée
Garçons (Gelbooru),Styles vestimentaires/sportwear,1,1,78390,Styles vestimentaires/sportwear,keep,déjà sous une famille structurée
Garçons (Gelbooru),Styles vestimentaires/suit,5,5,702526,Styles vestimentaires/suit,keep,déjà sous une famille structurée
Garçons (Gelbooru),Styles vestimentaires/Swimsuits,0,3,0,Styles vestimentaires/Swimsuits,keep,déjà sous une famille structurée
Garçons (Gelbooru),Styles vestimentaires/Swimsuits/bikini,2,3,415675,Styles vestimentaires/Swimsuits/bikini,keep,déjà sous une famille structurée
Garçons (Gelbooru),Styles vestimentaires/Swimsuits/bikini/micro_bikini,1,1,684758,Styles vestimentaires/Swimsuits/bikini/micro_bikini,keep,déjà sous une famille structurée
Garçons (Gelbooru),tattoo,8,8,1282885,tattoo,review,aucune correspondance sûre dans les familles actuelles
Garçons (Gelbooru),teacher,1,1,69147,teacher,review,aucune correspondance sûre dans les familles actuelles
Garçons (Gelbooru),trap,99,117,31411672,trap,keep,reste à la racine comme dans la galerie Tags
Garçons (Gelbooru),trap/anon omoi_ryuugi,3,3,955697,trap/anon omoi_ryuugi,keep,reste à la racine comme dans la galerie Tags
Garçons (Gelbooru),trap/blue_lock,0,1,0,trap/blue_lock,keep,reste à la racine comme dans la galerie Tags
Garçons (Gelbooru),trap/blue_lock/chigiri_hyoma,1,1,720835,trap/blue_lock/chigiri_hyoma,keep,reste à la racine comme dans la galerie Tags
Garçons (Gelbooru),trap/fate_(series),0,2,0,trap/fate_(series),keep,reste à la racine comme dans la galerie Tags
Garçons (Gelbooru),trap/fate_(series)/oberon_(fate),2,2,416857,trap/fate_(series)/oberon_(fate),keep,reste à la racine comme dans la galerie Tags
Garçons (Gelbooru),trap/fire_emblem,0,1,0,trap/fire_emblem,keep,reste à la racine comme dans la galerie Tags
Garçons (Gelbooru),trap/fire_emblem/ares_(fire_emblem) seliph_(fire_emblem),1,1,399430,trap/fire_emblem/ares_(fire_emblem) seliph_(fire_emblem),keep,reste à la racine comme dans la galerie Tags
Garçons (Gelbooru),trap/genshin_impact,0,1,0,trap/genshin_impact,keep,reste à la racine comme dans la galerie Tags
Garçons (Gelbooru),trap/genshin_impact/kaveh_(genshin_impact),1,1,123201,trap/genshin_impact/kaveh_(genshin_impact),keep,reste à la racine comme dans la galerie Tags
Garçons (Gelbooru),trap/kanna_(blue_archive) kanna_(swimsuit)_(blue_archive),1,1,77415,trap/kanna_(blue_archive) kanna_(swimsuit)_(blue_archive),keep,reste à la racine comme dans la galerie Tags
Garçons (Gelbooru),trap/monark,0,3,0,trap/monark,keep,reste à la racine comme dans la galerie Tags
Garçons (Gelbooru),trap/monark/anon shinya_yuda,1,1,470635,trap/monark/anon shinya_yuda,keep,reste à la racine comme dans la galerie Tags
Garçons (Gelbooru),trap/monark/shinya_yuda,2,2,655945,trap/monark/shinya_yuda,keep,reste à la racine comme dans la galerie Tags
Garçons (Gelbooru),trap/nige_jouzu_no_wakagimi,0,1,0,trap/nige_jouzu_no_wakagimi,keep,reste à la racine comme dans la galerie Tags
Garçons (Gelbooru),trap/nige_jouzu_no_wakagimi/houjou_tokiyuki_(nige_jouzu_no_wakagimi),1,1,202649,trap/nige_jouzu_no_wakagimi/houjou_tokiyuki_(nige_jouzu_no_wakagimi),keep,reste à la racine comme dans la galerie Tags
Garçons (Gelbooru),trap/omoi_ryuugi,3,3,706029,trap/omoi_ryuugi,keep,reste à la racine comme dans la galerie Tags
Garçons (Gelbooru),trap/the_legend_of_zelda,0,2,0,trap/the_legend_of_zelda,keep,reste à la racine comme dans la galerie Tags
Garçons (Gelbooru),trap/the_legend_of_zelda/link,2,2,308289,trap/the_legend_of_zelda/link,keep,reste à la racine comme dans la galerie Tags
Garçons (Gelbooru),und,25,25,4496708,und,keep,reste à la racine comme dans la galerie Tags
Garçons (Gelbooru),undressing,2,2,323923,undressing,review,aucune correspondance sûre dans les familles actuelles
Garçons (Gelbooru),vehicle motorcycle,2,2,661701,vehicle motorcycle,review,aucune correspondance sûre dans les familles actuelles
Garçons (Gelbooru),Weapons,2,34,513931,Weapons,keep,déjà sous une famille structurée
Garçons (Gelbooru),Weapons/axe,1,1,246091,Weapons/axe,keep,déjà sous une famille structurée
Garçons (Gelbooru),Weapons/axe dagger holding_weapon knife,1,1,213415,Weapons/axe dagger holding_weapon knife,keep,déjà sous une famille structurée
Garçons (Gelbooru),Weapons/axe dagger knife,1,1,264611,Weapons/axe dagger knife,keep,déjà sous une famille structurée
Garçons (Gelbooru),Weapons/baseball_bat,4,4,912868,Weapons/baseball_bat,keep,déjà sous une famille structurée
Garçons (Gelbooru),Weapons/bow_(weapon),2,2,618167,Weapons/bow_(weapon),keep,déjà sous une famille structurée
Garçons (Gelbooru),Weapons/Firearms,0,7,0,Weapons/Firearms,keep,déjà sous une famille structurée
Garçons (Gelbooru),Weapons/Firearms/firearm,7,7,2071052,Weapons/Firearms/firearm,keep,déjà sous une famille structurée
Garçons (Gelbooru),Weapons/holding_weapon,2,2,351385,Weapons/holding_weapon,keep,déjà sous une famille structurée
Garçons (Gelbooru),Weapons/knife,1,1,166032,Weapons/knife,keep,déjà sous une famille structurée
Garçons (Gelbooru),Weapons/shield,1,1,235578,Weapons/shield,keep,déjà sous une famille structurée
Garçons (Gelbooru),Weapons/spear,1,1,68826,Weapons/spear,keep,déjà sous une famille structurée
Garçons (Gelbooru),Weapons/Swords,0,11,0,Weapons/Swords,keep,déjà sous une famille structurée
Garçons (Gelbooru),Weapons/Swords/axe sword,1,1,254063,Weapons/Swords/axe sword,keep,déjà sous une famille structurée
Garçons (Gelbooru),Weapons/Swords/dagger knife sword,1,1,196614,Weapons/Swords/dagger knife sword,keep,déjà sous une famille structurée
Garçons (Gelbooru),Weapons/Swords/holding_weapon sword,3,3,797476,Weapons/Swords/holding_weapon sword,keep,déjà sous une famille structurée
Garçons (Gelbooru),Weapons/Swords/sword,6,6,1097872,Weapons/Swords/sword,keep,déjà sous une famille structurée
Garçons (Gelbooru),wizard,1,1,232450,wizard,review,aucune correspondance sûre dans les familles actuelles
Garçons (Gelbooru),yaoi,11,11,3188524,Sexual themes/yaoi,move,parité directe avec la galerie Tags
Garçons (Gelbooru) s&l,anal_beads,2,2,176871,Sexual themes/Penetration/anal_beads,move,pratique sexuelle classée dans Penetration
Garçons (Gelbooru) s&l,anal_fingering,1,1,156344,Sexual themes/Penetration/anal_fingering,move,pratique sexuelle classée dans Penetration
Garçons (Gelbooru) s&l,anal_object_insertion,3,3,407645,Sexual themes/Penetration/anal_object_insertion,move,pratique sexuelle classée dans Penetration
Garçons (Gelbooru) s&l,androgynous,1,1,343200,androgynous,keep,reste à la racine comme dans la galerie Tags
Garçons (Gelbooru) s&l,bdsm,1,4,114992,Sexual themes/Bdsm/bdsm,move,pratique sexuelle classée dans Bdsm
Garçons (Gelbooru) s&l,bdsm/bdsm rope,1,1,164750,Sexual themes/Bdsm/bdsm/bdsm rope,move,pratique sexuelle classée dans Bdsm
Garçons (Gelbooru) s&l,bdsm/bdsm tape_gag gagged,2,2,897255,Sexual themes/Bdsm/bdsm/bdsm tape_gag gagged,move,pratique sexuelle classée dans Bdsm
Garçons (Gelbooru) s&l,bondage,1,1,193805,Sexual themes/Bdsm/bondage,move,pratique sexuelle classée dans Bdsm
Garçons (Gelbooru) s&l,chastity_cage,2,2,232042,Sexual themes/chastity_cage,move,parité directe avec la galerie Tags
Garçons (Gelbooru) s&l,cum_in_mouth,1,1,236488,Sexual themes/Oral/cum_in_mouth,move,pratique sexuelle classée dans Oral
Garçons (Gelbooru) s&l,cum_on_face,1,1,175291,Sexual themes/Oral/cum_on_face,move,pratique sexuelle classée dans Oral
Garçons (Gelbooru) s&l,erection_under_clothes,1,1,149531,Sexual themes/erection_under_clothes,move,parité directe avec la galerie Tags
Garçons (Gelbooru) s&l,fellatio,9,9,1669094,Sexual themes/Oral/fellatio,move,pratique sexuelle classée dans Oral
Garçons (Gelbooru) s&l,fellatio rape,1,1,94746,Sexual themes/Non-consensual/fellatio rape,move,requête composite non consentie
Garçons (Gelbooru) s&l,femdom,3,3,816308,Sexual themes/femdom,move,parité directe avec la galerie Tags
Garçons (Gelbooru) s&l,fucked_silly,2,2,265084,fucked_silly,review,aucune correspondance sûre dans les familles actuelles
Garçons (Gelbooru) s&l,gaping,5,5,812846,Sexual themes/Penetration/gaping,move,pratique sexuelle classée dans Penetration
Garçons (Gelbooru) s&l,glasses,1,1,154502,glasses,review,aucune correspondance sûre dans les familles actuelles
Garçons (Gelbooru) s&l,interracial & interspecies,3,3,495428,interracial & interspecies,keep,reste à la racine comme dans la galerie Tags
Garçons (Gelbooru) s&l,leash,1,1,521474,Sexual themes/Bdsm/leash,move,pratique sexuelle classée dans Bdsm
Garçons (Gelbooru) s&l,maid,2,2,481924,maid,review,aucune correspondance sûre dans les familles actuelles
Garçons (Gelbooru) s&l,pants,0,1,0,pants,review,aucune correspondance sûre dans les familles actuelles
Garçons (Gelbooru) s&l,pants/black_pants,1,1,399959,pants/black_pants,review,aucune correspondance sûre dans les familles actuelles
Garçons (Gelbooru) s&l,Piercings,0,2,0,Piercings,keep,déjà sous une famille structurée
Garçons (Gelbooru) s&l,Piercings/piercing,2,2,177125,Piercings/piercing,keep,déjà sous une famille structurée
Garçons (Gelbooru) s&l,rape,5,5,1075171,Sexual themes/Non-consensual/rape,move,requête composite non consentie
Garçons (Gelbooru) s&l,rape broken_rape_victim,1,1,158693,Sexual themes/Non-consensual/rape broken_rape_victim,move,requête composite non consentie
Garçons (Gelbooru) s&l,rape imminent_rape,1,1,244974,Sexual themes/Non-consensual/rape imminent_rape,move,requête composite non consentie
Garçons (Gelbooru) s&l,rape restrained,3,3,432651,Sexual themes/Non-consensual/rape restrained,move,requête composite non consentie
Garçons (Gelbooru) s&l,Relations,0,1,0,Relations,keep,déjà sous une famille structurée
Garçons (Gelbooru) s&l,Relations/twins,1,1,281871,Relations/twins,keep,déjà sous une famille structurée
Garçons (Gelbooru) s&l,restrained,3,3,402003,Sexual themes/Bdsm/restrained,move,pratique sexuelle classée dans Bdsm
Garçons (Gelbooru) s&l,school_uniform,1,1,279588,school_uniform,review,aucune correspondance sûre dans les familles actuelles
Garçons (Gelbooru) s&l,sex_toy,1,1,84288,Sexual themes/Sextoys/sex_toy,move,pratique sexuelle classée dans Sextoys
Garçons (Gelbooru) s&l,Sexual themes,0,4,0,Sexual themes,keep,déjà sous une famille structurée
Garçons (Gelbooru) s&l,Sexual themes/futanari femdom,1,1,729729,Sexual themes/futanari femdom,keep,déjà sous une famille structurée
Garçons (Gelbooru) s&l,Sexual themes/Sextoys,0,3,0,Sexual themes/Sextoys,keep,déjà sous une famille structurée
Garçons (Gelbooru) s&l,Sexual themes/Sextoys/Vibrators,0,3,0,Sexual themes/Sextoys/Vibrators,keep,déjà sous une famille structurée
Garçons (Gelbooru) s&l,Sexual themes/Sextoys/Vibrators/squatting vibrator,1,1,326934,Sexual themes/Sextoys/Vibrators/squatting vibrator,keep,déjà sous une famille structurée
Garçons (Gelbooru) s&l,Sexual themes/Sextoys/Vibrators/vibrator,1,1,158799,Sexual themes/Sextoys/Vibrators/vibrator,keep,déjà sous une famille structurée
Garçons (Gelbooru) s&l,Sexual themes/Sextoys/Vibrators/vibrator_under_clothes,1,1,1001393,Sexual themes/Sextoys/Vibrators/vibrator_under_clothes,keep,déjà sous une famille structurée
Garçons (Gelbooru) s&l,slave,1,1,1538019,Sexual themes/Bdsm/slave,move,pratique sexuelle classée dans Bdsm
Garçons (Gelbooru) s&l,Styles vestimentaires,0,1,0,Styles vestimentaires,keep,déjà sous une famille structurée
Garçons (Gelbooru) s&l,Styles vestimentaires/hooded_jacket,1,1,162270,Styles vestimentaires/hooded_jacket,keep,déjà sous une famille structurée
Garçons (Gelbooru) s&l,trap,8,9,1528531,trap,keep,reste à la racine comme dans la galerie Tags
Garçons (Gelbooru) s&l,trap/und,1,1,106221,trap/und,keep,reste à la racine comme dans la galerie Tags
