fichier;mode;site_detecte;tag;regle_blacklist
D:\tags\Ts\others\after_anal\d_\p_\explicit\a_small_breasts\misc\n_1girl\ginger_(cpt.tester)\cpt.tester_works - 6674454 - explicit - 43c1d9edb04e6512509a13fd9afe1b35.jpg;filename;inconnu;cpt.tester_works;cpt.tester_works
D:\tags\Ts\others\after_anal\d_smile_\p_\explicit\a_\pokemon\n_1girl\gloria_(pokemon) hop_(pokemon)\habatakuhituji - 5532757 - explicit - e0afbf94975700696fc3422d841db550.jpg;filename;inconnu;habatakuhituji;habatakuhituji
D:\tags\Ts\others\after_anal\d_smile_\p_yuri-prob\explicit\a_\pokemon\n_2girls\gloria_(pokemon) marnie_(pokemon)\habatakuhituji - 5532767 - explicit - b968d85ffaaefef9e3110614e5f9faaa.jpg;filename;inconnu;habatakuhituji;habatakuhituji
D:\tags\Ts\others\caught\d_\p_hetero\explicit\a_\pokemon\n_1boy 1girl\viola_(pokemon) vivillon vivillon_(meadow) youngster_(pokemon)\habatakuhituji - 2361727 - explicit - c1e77d4354ba0b89c45bb1f30d7d7bea.jpg;filename;inconnu;habatakuhituji;habatakuhituji
D:\tags\Ts\others\double_handjob\d_\p_hetero\explicit\a_\original\n_4boys 1girl\hanawa_yuki\habatakuhituji - 1508576 - explicit - f65b6b609f203eebc28136a5c4e447df.jpg;filename;inconnu;habatakuhituji;habatakuhituji
D:\tags\Ts\others\double_handjob\d_\p_yuri-prob\explicit\a_\pokemon\n_2girls\allister_(pokemon) gloria_(pokemon) marnie_(pokemon)\habatakuhituji - 5532796 - explicit - 1fe0430e7e074815ec03fc3166b7d58a.jpg;filename;inconnu;habatakuhituji;habatakuhituji
D:\tags\Ts\others\double_handjob\d_smile_\p_hetero\explicit\a_\pokemon\n_3boys 1girl\cynthia_(pokemon)\habatakuhituji - 1121206 - explicit - 3df516d15e7cf23a83eed9394d981d0e.jpg;filename;inconnu;habatakuhituji;habatakuhituji
D:\tags\Ts\others\double_penetration\d_\p_\explicit\a_\misc\n_1girl\hashiba_renko\habatakuhituji - 1935880 - explicit - 8b73d55caad49f4c632a1f65c7d7c0f7.jpg;filename;inconnu;habatakuhituji;habatakuhituji
D:\tags\Ts\others\double_penetration\d_\p_\explicit\a_\misc\n_1girl\unknown\cpt.tester_works - 6674034 - explicit - 96979cc31048b46d8ea91cb13a721f11.jpg;filename;inconnu;cpt.tester_works;cpt.tester_works
D:\tags\Ts\others\double_penetration\d_\p_\explicit\a_\pokemon\n_1girl\arbok jessie_(pokemon) meowth weezing\habatakuhituji - 1104609 - explicit - 403571b9d95f6014519e760e3ac4daa4.jpg;filename;inconnu;habatakuhituji;habatakuhituji
D:\tags\Ts\others\double_penetration\d_\p_\explicit\a_\queen's_blade\n_\leina_(queen's_blade)\habatakuhituji - 661027 - explicit - c7282180649e140263d12065629dcca7.jpg;filename;inconnu;habatakuhituji;habatakuhituji
D:\tags\Ts\others\double_penetration\d_\p_\explicit\a_\queen's_blade\n_\leina_(queen's_blade)\habatakuhituji - 661037 - explicit - a6263e343a7f21030f2eb037f74df7c7.jpg;filename;inconnu;habatakuhituji;habatakuhituji
D:\tags\Ts\others\double_penetration\d_\p_\explicit\a_\yoake_mae_yori_ruri_iro_na\n_\feena_fam_earthlight\chi_pyon2001 - 4873869 - explicit - dc78928cf93064f2a8917a8bab146afe.jpg;filename;inconnu;chi_pyon2001;chi_pyon2001
D:\tags\Ts\others\double_penetration\d_\p_\explicit\a_small_breasts\pokemon\n_1girl\marnie_(pokemon) team_yell_grunt\habatakuhituji - 5758396 - explicit - 6ee9b68e8ed35ed7e2fb8c8522f3eb78.jpg;filename;inconnu;habatakuhituji;habatakuhituji
D:\tags\Ts\others\double_penetration\d_\p_\explicit\a_small_breasts\pokemon\n_1girl\marnie_(pokemon) team_yell_grunt\habatakuhituji - 5758398 - explicit - 7cf6445d034e1205969b62964b331d73.jpg;filename;inconnu;habatakuhituji;habatakuhituji
D:\tags\Ts\others\double_penetration\d_\p_hetero\explicit\a_\bitch_gakuen original\n_3boys 1girl\sakai_yuria\habatakuhituji - 5692445 - explicit - a1ad8dfe428b9af4f553ced8555f55bf.jpg;filename;inconnu;habatakuhituji;habatakuhituji
D:\tags\Ts\others\double_penetration\d_\p_hetero\explicit\a_\bitch_gakuen original\n_3boys 1girl\sakai_yuria\habatakuhituji - 5692448 - explicit - 3e70b322582260ec36e20c36d3a632c4.jpg;filename;inconnu;habatakuhituji;habatakuhituji
D:\tags\Ts\others\double_penetration\d_\p_hetero\explicit\a_\bitch_gakuen original\n_3boys 1girl\sakai_yuria\habatakuhituji - 5692454 - explicit - 477744e853e9649918641898cd9f07f3.jpg;filename;inconnu;habatakuhituji;habatakuhituji
D:\tags\Ts\others\double_penetration\d_\p_hetero\explicit\a_\misc\n_1boy 1girl\hashiba_renko\habatakuhituji - 1935883 - explicit - bae8215d7206dcf22d1284338c0eae15.jpg;filename;inconnu;habatakuhituji;habatakuhituji
D:\tags\Ts\others\double_penetration\d_\p_hetero\explicit\a_\original\n_2boys 1girl\tachibana_riimei\habatakuhituji - 1416512 - explicit - 32e7088bdfcc539841625cfbe19963e6.jpg;filename;inconnu;habatakuhituji;habatakuhituji
D:\tags\Ts\others\double_penetration\d_\p_hetero\explicit\a_\pokemon\n_1boy 1girl\cynthia_(pokemon) red_(pokemon)\habatakuhituji - 1207418 - explicit - 79f5e839b22c024fca0d47f036e03446.jpg;filename;inconnu;habatakuhituji;habatakuhituji
D:\tags\Ts\others\double_penetration\d_\p_hetero\explicit\a_\pokemon\n_2boys 1girl\archie_(pokemon) lusamine_(pokemon) maxie_(pokemon)\habatakuhituji - 8230117 - explicit - 63b9f0f50f310beb76a49b342cf86a2c.jpg;filename;inconnu;habatakuhituji;habatakuhituji
D:\tags\Ts\others\double_penetration\d_\p_hetero\explicit\a_\pokemon\n_2boys 1girl\archie_(pokemon) lusamine_(pokemon) maxie_(pokemon)\habatakuhituji - 8230118 - explicit - ffce14615384cf2c998b2fcdf3586c50.jpg;filename;inconnu;habatakuhituji;habatakuhituji
D:\tags\Ts\others\double_penetration\d_\p_hetero\explicit\a_\pokemon\n_2boys 1girl\archie_(pokemon) lusamine_(pokemon) maxie_(pokemon)\habatakuhituji - 8230119 - explicit - 9cb1250cb0e4effaec987408d48f216e.jpg;filename;inconnu;habatakuhituji;habatakuhituji
D:\tags\Ts\others\double_penetration\d_\p_hetero\explicit\a_\pokemon\n_2boys 1girl\archie_(pokemon) lusamine_(pokemon) maxie_(pokemon)\habatakuhituji - 8230120 - explicit - e49bd96d4b67d2208b629141b9446023.jpg;filename;inconnu;habatakuhituji;habatakuhituji
D:\tags\Ts\others\double_penetration\d_\p_hetero\explicit\a_\pokemon\n_2boys 1girl\brock_(pokemon) misty_(pokemon)\habatakuhituji - 3117615 - explicit - ae815fb3ec3f1648c03e8d4a5d53c8f6.jpg;filename;inconnu;habatakuhituji;habatakuhituji
D:\tags\Ts\others\double_penetration\d_\p_hetero\explicit\a_\pokemon\n_2boys 1girl\cynthia_(pokemon)\habatakuhituji - 8223372 - explicit - 468c3c7ead89263005c734e195367d99.jpg;filename;inconnu;habatakuhituji;habatakuhituji
D:\tags\Ts\others\double_penetration\d_\p_hetero\explicit\a_\pokemon\n_2boys 1girl\mother_(pokemon)\habatakuhituji - 1103051 - explicit - 4ee819b990281da1dee43a24f78768e7.jpg;filename;inconnu;habatakuhituji;habatakuhituji
D:\tags\Ts\others\double_penetration\d_\p_hetero\explicit\a_\pokemon\n_2boys 1girl\mother_(pokemon)\habatakuhituji - 1103060 - explicit - 741905414cf0316d3e7b359e13644b07.jpg;filename;inconnu;habatakuhituji;habatakuhituji
D:\tags\Ts\others\double_penetration\d_\p_hetero\explicit\a_\pokemon\n_2boys 1girl\mother_(pokemon)\habatakuhituji - 1103067 - explicit - 566e987bc89cfb79ee1271afd3102c7a.jpg;filename;inconnu;habatakuhituji;habatakuhituji
D:\tags\Ts\others\double_penetration\d_\p_hetero\explicit\a_\pokemon\n_2boys 1girl\mother_(pokemon)\habatakuhituji - 1103073 - explicit - 4404e128287c2e622d612b3e5b34448a.jpg;filename;inconnu;habatakuhituji;habatakuhituji
D:\tags\Ts\others\double_penetration\d_\p_hetero\explicit\a_\pokemon\n_2boys 1girl\mother_(pokemon)\habatakuhituji - 1150569 - explicit - c9ffbf8e27b6fe2e74b28bb5e0cf89db.jpg;filename;inconnu;habatakuhituji;habatakuhituji
D:\tags\Ts\others\double_penetration\d_\p_hetero\explicit\a_\pokemon\n_2boys 1girl\mother_(pokemon)\habatakuhituji - 1150571 - explicit - df9c9e2b881350dd5004408f0303181e.jpg;filename;inconnu;habatakuhituji;habatakuhituji
D:\tags\Ts\others\double_penetration\d_\p_hetero\explicit\a_\pokemon\n_4boys 2girls\black_belt_(pokemon) melony_(pokemon) nessa_(pokemon) swimmer_(pokemon)\habatakuhituji - 5532683 - explicit - 9b67a24262600d35fe1d12bcea5b91a6.jpg;filename;inconnu;habatakuhituji;habatakuhituji
D:\tags\Ts\others\double_penetration\d_\p_hetero\explicit\a_\pokemon\n_4boys 2girls\melony_(pokemon) nessa_(pokemon) swimmer_(pokemon)\habatakuhituji - 5532681 - explicit - f04dfe41a6fa2d57db5286bc6493163f.jpg;filename;inconnu;habatakuhituji;habatakuhituji
D:\tags\Ts\others\double_penetration\d_\p_hetero\explicit\a_\queen's_blade\n_2boys 1girl\elina_(queen's_blade)\habatakuhituji - 661009 - explicit - 2cfbc333e95c52e85ce077f69f88b332.jpg;filename;inconnu;habatakuhituji;habatakuhituji
D:\tags\Ts\others\double_penetration\d_\p_hetero\explicit\a_\queen's_blade\n_2boys 1girl\elina_(queen's_blade)\habatakuhituji - 661022 - explicit - c5eae78090e1dec4db7f44951c4a944a.jpg;filename;inconnu;habatakuhituji;habatakuhituji
D:\tags\Ts\others\double_penetration\d_\p_hetero\explicit\a_\queen's_blade\n_2boys 1girl\elina_(queen's_blade)\habatakuhituji - 661028 - explicit - 8e629aa268b99e8fccc1a050a501e419.jpg;filename;inconnu;habatakuhituji;habatakuhituji
D:\tags\Ts\others\double_penetration\d_\p_hetero\explicit\a_\queen's_blade\n_2boys 1girl\leina_(queen's_blade)\habatakuhituji - 661024 - explicit - e8577ba43cbe0a82ca6d2303f9fd01ec.jpg;filename;inconnu;habatakuhituji;habatakuhituji
D:\tags\Ts\others\double_penetration\d_\p_hetero\explicit\a_\shingeki_no_kyojin\n_2boys 1girl\armin_arlert eren_yeager mikasa_ackerman\habatakuhituji - 5080883 - explicit - 1b252da08859dfb15180e2eb13933d7b.jpg;filename;inconnu;habatakuhituji;habatakuhituji
D:\tags\Ts\others\double_penetration\d_\p_hetero\explicit\a_\shingeki_no_kyojin\n_2boys 1girl\armin_arlert eren_yeager mikasa_ackerman\habatakuhituji - 5080884 - explicit - f98fdac843e22a09a9bbc6aeb78b61fa.jpg;filename;inconnu;habatakuhituji;habatakuhituji
D:\tags\Ts\others\double_penetration\d_\p_hetero\explicit\a_\shingeki_no_kyojin\n_2boys 1girl\armin_arlert eren_yeager mikasa_ackerman\habatakuhituji - 5080886 - explicit - 81ae55dd4d31c7c88f5a0c494fbe4346.jpg;filename;inconnu;habatakuhituji;habatakuhituji
D:\tags\Ts\others\double_penetration\d_\p_hetero\explicit\a_\shingeki_no_kyojin\n_2boys 1girl\armin_arlert eren_yeager mikasa_ackerman\habatakuhituji - 5080887 - explicit - 48eaf7f30bfb0dfe08e9a3cb99bce6f0.jpg;filename;inconnu;habatakuhituji;habatakuhituji
D:\tags\Ts\others\double_penetration\d_\p_hetero\explicit\a_\shingeki_no_kyojin\n_2boys 1girl\armin_arlert eren_yeager mikasa_ackerman\habatakuhituji - 5080888 - explicit - 99f8d9afac067ee1a798c20e828d7972.jpg;filename;inconnu;habatakuhituji;habatakuhituji
D:\tags\Ts\others\double_penetration\d_\p_hetero\explicit\a_shota\pokemon\n_1boy 3girls\ash_ketchum lana_(pokemon) lillie_(pokemon) mallow_(pokemon)\habatakuhituji - 4907416 - explicit - f22cee8ceebbf45a2b934630d001d96f.jpg;filename;inconnu;habatakuhituji;habatakuhituji
D:\tags\Ts\others\double_penetration\d_\p_hetero\explicit\a_small_breasts\pokemon\n_2boys 1girl\brock_(pokemon) misty_(pokemon)\habatakuhituji - 3117611 - explicit - 31b45b015b43f0a663be274ca22e16d8.jpg;filename;inconnu;habatakuhituji;habatakuhituji
D:\tags\Ts\others\double_penetration\d_\p_hetero\explicit\a_small_breasts\pokemon\n_2boys 1girl\brock_(pokemon) misty_(pokemon)\habatakuhituji - 3117614 - explicit - 4cb001764ca36d7a88b3612cfb435449.jpg;filename;inconnu;habatakuhituji;habatakuhituji
D:\tags\Ts\others\double_penetration\d_ahegao_\p_hetero\explicit\a_\pokemon\n_2boys 1girl\mother_(pokemon)\habatakuhituji - 1150570 - explicit - a0011f4dd30f521b33bcc04c5ecd8942.jpg;filename;inconnu;habatakuhituji;habatakuhituji
D:\tags\Ts\others\double_penetration\d_smile_\p_hetero\explicit\a_\pokemon\n_2boys 1girl\brock_(pokemon) misty_(pokemon)\habatakuhituji - 1120220 - explicit - 809a5683db69534dbc032343c742de4d.jpg;filename;inconnu;habatakuhituji;habatakuhituji
D:\tags\Ts\others\double_penetration\d_smile_\p_hetero\explicit\a_\pokemon\n_2boys 1girl\cynthia_(pokemon) metagross wailord\habatakuhituji - 1151221 - explicit - a72fe76912080774627453308a499e4d.jpg;filename;inconnu;habatakuhituji;habatakuhituji
D:\tags\Ts\others\imminent_sex\d_\p_\explicit\a_\pokemon\n_1girl\cabbie_(pokemon) marnie_(pokemon)\habatakuhituji - 5532685 - explicit - 5d258f323ab2b92d272808aa3e62f642.jpg;filename;inconnu;habatakuhituji;habatakuhituji
D:\tags\Ts\others\impregnation\d_\p_\explicit\a_\misc\n_1girl\rose_(cpt.tester)\cpt.tester_works - 7798166 - explicit - 02e04e025efec67680f1b66f5ce2fad9.jpg;filename;inconnu;cpt.tester_works;cpt.tester_works
D:\tags\Ts\others\peeping\d_\p_hetero\explicit\a_\pokemon\n_1boy 1girl\clair_(pokemon) dragonair lance_(pokemon)\habatakuhituji - 1116031 - explicit - 877adba98d7b512162a58a0c8c7971e1.jpg;filename;inconnu;habatakuhituji;habatakuhituji
D:\tags\Ts\others\reach-around\d_\p_\explicit\a_small_breasts\misc\n_1girl\ginger_(cpt.tester)\cpt.tester_works - 6674454 - explicit - 43c1d9edb04e6512509a13fd9afe1b35.jpg;filename;inconnu;cpt.tester_works;cpt.tester_works
D:\tags\Ts\others\reach-around\d_ahegao_\p_\explicit\a_\misc\n_\elora_(cpt.tester)\cpt.tester_works - 6674148 - explicit - 88ea04ab02ebd40bf78822bae37b7527.jpg;filename;inconnu;cpt.tester_works;cpt.tester_works
D:\tags\Ts\others\triple_penetration\d_\p_\explicit\a_\queen's_blade\n_\leina_(queen's_blade)\habatakuhituji - 661027 - explicit - c7282180649e140263d12065629dcca7.jpg;filename;inconnu;habatakuhituji;habatakuhituji
D:\tags\Ts\others\triple_penetration\d_\p_\explicit\a_\queen's_blade\n_\leina_(queen's_blade)\habatakuhituji - 661037 - explicit - a6263e343a7f21030f2eb037f74df7c7.jpg;filename;inconnu;habatakuhituji;habatakuhituji
D:\tags\Ts\others\triple_penetration\d_\p_hetero\explicit\a_\queen's_blade\n_2boys 1girl\elina_(queen's_blade)\habatakuhituji - 661022 - explicit - c5eae78090e1dec4db7f44951c4a944a.jpg;filename;inconnu;habatakuhituji;habatakuhituji
D:\tags\Ts\others\used_condom\d_\p_hetero\explicit\a_\bitch_gakuen original\n_3boys 1girl\sakai_yuria\habatakuhituji - 5692454 - explicit - 477744e853e9649918641898cd9f07f3.jpg;filename;inconnu;habatakuhituji;habatakuhituji
D:\tags\Ts\others\used_condom\d_smile_\p_\explicit\a_\bitch_gakuen original\n_1girl\amanai_sora\habatakuhituji - 5692359 - explicit - 9496caa9aee15cb0b25999c4e4f2826a.jpg;filename;inconnu;habatakuhituji;habatakuhituji
D:\tags\Ts\others\voyeurism\d_smile_\p_hetero\explicit\a_loli\one_piece\n_2boys 1girl\nefertari_vivi\habatakuhituji - 1101495 - explicit - 8dd49ef11f76d5ae6f2c81a29b81524e.jpg;filename;inconnu;habatakuhituji;habatakuhituji
D:\tags\Ts\others\walk-in\d_\p_\explicit\a_\misc\n_\rose_(cpt.tester)\cpt.tester_works - 6674414 - explicit - 16889528a3fc149a30153acc5b91a55b.jpg;filename;inconnu;cpt.tester_works;cpt.tester_works
D:\tags\Ts\others\walk-in\d_\p_\explicit\a_\misc\n_\vera_(cpt.tester)\cpt.tester_works - 6674369 - explicit - a299e990aeb095b99b12e0d6c21437ee.jpg;filename;inconnu;cpt.tester_works;cpt.tester_works
D:\tags\Ts\others\walk-in\d_\p_\explicit\a_small_breasts\misc\n_\elora_(cpt.tester) ginger_(cpt.tester)\cpt.tester_works - 6674310 - explicit - d107655dc77aa4b3941f0484498ade6d.jpg;filename;inconnu;cpt.tester_works;cpt.tester_works
D:\tags\Ts\others\walk-in\d_\p_hetero\explicit\a_\pokemon\n_1boy 1girl\viola_(pokemon) vivillon vivillon_(meadow) youngster_(pokemon)\habatakuhituji - 2361727 - explicit - c1e77d4354ba0b89c45bb1f30d7d7bea.jpg;filename;inconnu;habatakuhituji;habatakuhituji
D:\tags\Ts\others\walk-in\d_\p_hetero\explicit\a_\pokemon\n_1boy 1girl\viola_(pokemon) vivillon vivillon_(meadow) youngster_(pokemon)\habatakuhituji - 2361728 - explicit - 5aeaa197052ac81fca9a6571af562cdb.jpg;filename;inconnu;habatakuhituji;habatakuhituji
D:\tags\Ts\others\walk-in\d_\p_hetero\sensitive\a_\pokemon\n_1boy 1girl\viola_(pokemon) youngster_(pokemon)\habatakuhituji - 2361726 - sensitive - 4b46a3ec9ac38446854ff13f80832c67.jpg;filename;inconnu;habatakuhituji;habatakuhituji
D:\tags\Ts\others\walk-in\d_smile_\p_\explicit\a_\misc\n_\elora_(cpt.tester)\cpt.tester_works - 6674192 - explicit - 0ad5795412518273133e455db26e63c9.jpg;filename;inconnu;cpt.tester_works;cpt.tester_works
D:\tags\Ts\others\walk-in\d_smile_\p_hetero\explicit\a_\pokemon\n_1boy 1girl\viola_(pokemon) vivillon vivillon_(meadow) youngster_(pokemon)\habatakuhituji - 2361725 - explicit - c143779227fbe94d34b48d9df4c44883.jpg;filename;inconnu;habatakuhituji;habatakuhituji
D:\tags\Ts\positions\girl_on_top\d_ahegao_\p_hetero\explicit\a_\misc\n_3boys 1girl\hashiba_renko\habatakuhituji - 1935879 - explicit - 186d3b3ecaf439270220b16637015828.jpg;filename;inconnu;habatakuhituji;habatakuhituji
D:\tags\Ts\positions\missionary\d_\p_hetero\explicit\a_\misc\n_2boys 2girls\unknown\cpt.tester_works - 6676618 - explicit - 560de3de7b6eaa3dead26521bcaeb2aa.jpg;filename;inconnu;cpt.tester_works;cpt.tester_works
D:\tags\Ts\positions\reverse_suspended_congress\d_\p_hetero\explicit\a_small_breasts\pokemon\n_2boys 2girls\gloria_(pokemon) kabu_(pokemon) marnie_(pokemon) milo_(pokemon)\habatakuhituji - 5532820 - explicit - ac198919e6c64c95a6bf93103f62d6da.jpg;filename;inconnu;habatakuhituji;habatakuhituji
D:\tags\Ts\positions\reverse_suspended_congress\d_\p_yuri-prob\explicit\a_small_breasts\pokemon\n_2girls\gloria_(pokemon) kabu_(pokemon) marnie_(pokemon) milo_(pokemon)\habatakuhituji - 5532818 - explicit - 6ec09bcd38675a975d172f41ac53aaac.jpg;filename;inconnu;habatakuhituji;habatakuhituji
D:\tags\Ts\positions\reverse_suspended_congress\d_\p_yuri-prob\explicit\a_small_breasts\pokemon\n_2girls\gloria_(pokemon) kabu_(pokemon) marnie_(pokemon) milo_(pokemon)\habatakuhituji - 5532821 - explicit - bacd636c6edd89a0a678ce2251f0e405.jpg;filename;inconnu;habatakuhituji;habatakuhituji
D:\tags\Ts\positions\reverse_suspended_congress\d_smile_\p_yuri-prob\explicit\a_small_breasts\pokemon\n_2girls\gloria_(pokemon) kabu_(pokemon) marnie_(pokemon) milo_(pokemon)\habatakuhituji - 5532817 - explicit - b037b308bbc5d51d758daedc2bbc226f.jpg;filename;inconnu;habatakuhituji;habatakuhituji
D:\tags\Ts\positions\reverse_suspended_congress\d_smile_\p_yuri-prob\explicit\a_small_breasts\pokemon\n_2girls\gloria_(pokemon) kabu_(pokemon) marnie_(pokemon) milo_(pokemon)\habatakuhituji - 5532824 - explicit - 8164fcfe1861322ffa495c576ebfaa18.jpg;filename;inconnu;habatakuhituji;habatakuhituji
D:\tags\Ts\positions\spitroast\d_\p_\explicit\a_small_breasts\pokemon\n_1girl\gloria_(pokemon) pokemon_breeder_(pokemon) worker_(pokemon)\habatakuhituji - 5532716 - explicit - 129181e2d25e6e828981ce4a72a58db6.jpg;filename;inconnu;habatakuhituji;habatakuhituji
D:\tags\Ts\positions\spitroast\d_\p_hetero\explicit\a_\bitch_gakuen original\n_3boys 1girl\sakai_yuria\habatakuhituji - 5692448 - explicit - 3e70b322582260ec36e20c36d3a632c4.jpg;filename;inconnu;habatakuhituji;habatakuhituji
D:\tags\Ts\positions\spitroast\d_\p_hetero\explicit\a_\pokemon\n_2boys 1girl\hilda_(pokemon) tepig\habatakuhituji - 1104611 - explicit - 5cc7ffa657466887856690b681a3414a.jpg;filename;inconnu;habatakuhituji;habatakuhituji
D:\tags\Ts\positions\spitroast\d_\p_hetero\explicit\a_\pokemon\n_2boys 1girl\nemona_(pokemon)\habatakuhituji - 8576227 - explicit - 88b3afcef9bc762b0e9ee9d62693e9ca.jpg;filename;inconnu;habatakuhituji;habatakuhituji
D:\tags\Ts\positions\spitroast\d_\p_hetero\explicit\a_\time_bokan_(series) yatterman\n_2boys 1girl\doronjo\habatakuhituji - 960829 - explicit - 773deaab8849c9c07cafe53947349e2f.jpg;filename;inconnu;habatakuhituji;habatakuhituji
D:\tags\Ts\positions\suspended_congress\d_\p_\explicit\a_small_breasts\pokemon\n_1girl\marnie_(pokemon) team_yell_grunt\habatakuhituji - 5758396 - explicit - 6ee9b68e8ed35ed7e2fb8c8522f3eb78.jpg;filename;inconnu;habatakuhituji;habatakuhituji
D:\tags\Ts\positions\suspended_congress\d_\p_\explicit\a_small_breasts\pokemon\n_1girl\marnie_(pokemon) team_yell_grunt\habatakuhituji - 5758398 - explicit - 7cf6445d034e1205969b62964b331d73.jpg;filename;inconnu;habatakuhituji;habatakuhituji
